Season,Title,Presented by,Director,Cast,Budget,Box Office Gross,Awards,Duration (min),Genre,Release Year,Origin,Language,Filming Locations,RottenTomatoes Rating,Themes/Tags,Synopsis,Interesting facts
1,Ready or not,Greg,"Matt Bettinelli-Olpin, Tyler Gillett","Samara Weaving, Adam Brody, Mark O'Brien, Henry Czerny",$6 million,$57.6 million,Saturn Award nomination for Best Horror Film,95,"Horror, Comedy, Thriller",2019,USA/Canada,English,"Toronto, Ontario, Canada",88% Critics / 79% Audience,"Dark comedy, survival horror, class warfare, family secrets",A young bride joins her new husband's rich family in a time-honored tradition that turns into a lethal game with everyone fighting for survival,The mansion used was a real historic estate in Toronto; Samara Weaving did many of her own stunts
1,12 hommes en colère,Spock,Sidney Lumet,"Henry Fonda, Lee J. Cobb, Ed Begley, E.G. Marshall",$350000,$2 million,"3 Oscar nominations, Golden Bear winner",96,Drama,1957,USA,English,New York City,100% Critics / 97% Audience,"Justice, prejudice, moral responsibility, group dynamics",A dissenting juror in a murder trial slowly manages to convince the others that the case is not as obviously clear as it seemed in court,Almost entirely filmed in one room; Henry Fonda produced and took a pay cut to make it happen
1,Usual Suspect,Juan,Bryan Singer,"Stephen Baldwin, Gabriel Byrne, Benicio del Toro, Kevin Spacey",$6 million,$23.3 million,2 Academy Awards (Best Supporting Actor & Screenplay),106,"Crime, Mystery, Thriller",1995,USA,English,"Los Angeles, New York City, San Pedro",88% Critics / 95% Audience,"Unreliable narrator, crime syndicate, mystery, plot twist",A sole survivor tells of the twisty events leading up to a horrific gun battle on a boat,The famous lineup scene was improvised - actors kept breaking character and laughing
1,Apocalypto,Louis,Mel Gibson,"Rudy Youngblood, Dalia Hernández, Jonathan Brewer",$40 million,$120.7 million,3 Academy Award nominations,139,"Action, Adventure, Drama",2006,USA,Yucatec Maya,"Veracruz Mexico, Costa Rica",65% Critics / 80% Audience,"Pre-Columbian civilization, survival, prophecy, Mayan culture",A young man is taken on a perilous journey to a world ruled by fear and oppression as the Mayan kingdom faces decline,Entirely spoken in Yucatec Maya; used mainly indigenous and mixed-race Mexican actors
1,La passion du Christ,Mike,Mel Gibson,"Jim Caviezel, Maia Morgenstern, Monica Bellucci",$30 million,$622.3 million,3 Academy Award nominations,127,"Drama, Historical, Religious",2004,USA,"Aramaic, Latin, Hebrew","Matera Italy, Rome",49% Critics / 68% Audience,"Religious drama, sacrifice, faith, biblical narrative",Depicts the final twelve hours in the life of Jesus of Nazareth on the day of his crucifixion,Jim Caviezel was struck by lightning during filming; one of highest-grossing R-rated films ever
1,Us,Greg,Jordan Peele,"Lupita Nyong'o, Winston Duke, Elisabeth Moss, Tim Heidecker",$20 million,$255.1 million,NAACP Image Award for Outstanding Motion Picture,116,"Horror, Thriller",2019,USA,English,"Santa Cruz California, Los Angeles",93% Critics / 81% Audience,"Doppelgangers, class inequality, identity, psychological horror",A family's serene beach vacation turns to chaos when their doppelgängers appear and begin to terrorize them,Jordan Peele's follow-up to Get Out; extensive use of scissors as weapon symbolism
1,Requiem pour un massacre,Zonf,Elem Klimov,"Aleksei Kravchenko, Olga Mironova, Liubomiras Laucevicius",$1 million,Unknown,Special Jury Prize at Cannes,142,"War, Drama",1985,Soviet Union,Russian,Belarus,91% Critics / 94% Audience,"War trauma, loss of innocence, Nazi occupation, survival",A teenage boy joins Soviet partisans during WWII and experiences the horrors of war firsthand,Considered one of the greatest war films ever made; took 8 years to get permission to film
1,Cliffhanger,Spock,Renny Harlin,"Sylvester Stallone, John Lithgow, Michael Rooker, Janine Turner",$70 million,$255 million,MTV Movie Award for Best Action Sequence,113,"Action, Adventure, Thriller",1993,USA/Italy,English,"Italian Dolomites, Colorado",69% Critics / 65% Audience,"Mountain climbing, heist, survival, redemption",A mountain climber becomes embroiled in the failed heist of a U.S. Treasury plane flying through the Rocky Mountains,Many stunts performed without safety equipment; one of the most expensive films of 1993
1,Le trou,Juan,Jacques Becker,"Michel Constantin, Jean Keraudy, Philippe Leroy, Raymond Meunier",$200000,Unknown,Special Prize at Cannes,131,"Crime, Drama, Thriller",1960,France,French,Paris,100% Critics / 96% Audience,"Prison escape, camaraderie, betrayal, suspense",Four cellmates plan an elaborate escape from prison but their plans are jeopardized by a new inmate,Based on a true story; actual former prisoner José Giovanni co-wrote the screenplay
1,Dallas Buyers Club,Léo,Jean-Marc Vallée,"Matthew McConaughey, Jared Leto, Jennifer Garner",$5 million,$55.8 million,3 Academy Awards including Best Actor,117,"Biography, Drama",2013,USA,English,"New Orleans, Texas",92% Critics / 92% Audience,"AIDS crisis, pharmaceutical industry, determination, discrimination",An AIDS patient fights the system to help others get access to experimental drugs,Matthew McConaughey lost 47 pounds for the role; based on true story of Ron Woodroof
1,Le garçon qui domptât le vent,Chachacha,Chiwetel Ejiofor,"Chiwetel Ejiofor, Maxwell Simba, Aïssa Maïga",$25 million,$1.2 million,NAACP Image Award nomination,113,"Biography, Drama, Family",2019,UK/Malawi,English/Chichewa,Malawi,91% Critics / 85% Audience,"Education, determination, renewable energy, family",A 13-year-old boy in Malawi builds a wind turbine to save his village from famine,Based on true story; Chiwetel Ejiofor's directorial debut; real William Kamkwamba appears in film
1,Le vieux fusils,Zonf,Robert Enrico,"Philippe Noiret, Romy Schneider, Jean Bouise",$2 million,$15 million,Academy Award for Best Foreign Language Film,103,"Drama, War",1975,France,French,"Montauban, France",85% Critics / 89% Audience,"WWII, revenge, family tragedy, resistance",A French surgeon seeks revenge after his family is killed by German soldiers during WWII,Won Oscar for Best Foreign Language Film; Romy Schneider's powerful performance
1,Vice,Eleonore,Adam McKay,"Christian Bale, Amy Adams, Steve Carell, Sam Rockwell",$60 million,$76.1 million,8 Academy Award nominations,132,"Biography, Comedy, Drama",2018,USA,English,"Washington DC, Wyoming",66% Critics / 61% Audience,"Political satire, power corruption, American politics",The story of Dick Cheney's rise to power as Vice President under George W. Bush,Christian Bale gained 40 pounds and learned to speak like Cheney; highly stylized biographical approach
1,La vie aquatique,Mike,Wes Anderson,"Bill Murray, Owen Wilson, Cate Blanchett, Anjelica Huston",$50 million,$24.6 million,None,119,"Adventure, Comedy, Drama",2004,USA,English,"Rome, Naples, Mediterranean Sea",56% Critics / 77% Audience,"Midlife crisis, adventure, family dynamics, whimsical storytelling",An aging oceanographer seeks revenge on the mythical shark that killed his partner,Features elaborate handmade sea creatures; signature Wes Anderson visual style and symmetry
1,Nord by Northwest,Greg,Alfred Hitchcock,"Cary Grant, Eva Marie Saint, James Mason, Martin Landau",$4 million,$13.3 million,3 Academy Award nominations,136,"Action, Mystery, Thriller",1959,USA,English,"New York, Chicago, Mount Rushmore",97% Critics / 94% Audience,"Mistaken identity, espionage, chase thriller, Cold War",An advertising executive is mistaken for a spy and pursued across the country by enemy agents,Famous Mount Rushmore chase scene; one of Hitchcock's most entertaining thrillers
1,Man of the U.N.C.L.E.,Léo,Guy Ritchie,"Henry Cavill, Armie Hammer, Alicia Vikander, Elizabeth Debicki",$75 million,$110.5 million,None,116,"Action, Adventure, Comedy",2015,USA/UK,English,"Rome, London, Naples",68% Critics / 73% Audience,"Cold War, espionage, stylish action, 1960s setting",CIA and KGB agents team up during the Cold War to stop a criminal organization from using nuclear weapons,Based on 1960s TV series; stylish period piece with retro aesthetic
1,La vie des autres,Chachacha,Florian Henckel von Donnersmarck,"Ulrich Mühe, Martina Gedeck, Sebastian Koch",$2 million,$77.4 million,Academy Award for Best Foreign Language Film,137,"Drama, Thriller",2006,Germany,German,Berlin,92% Critics / 95% Audience,"East Germany, surveillance, moral awakening, Stasi",A Stasi agent becomes increasingly absorbed by the lives of the couple he is spying on,Director's debut film; won Oscar; Ulrich Mühe's final major role before his death
1,L'Arrivée d'un train en gare de La Ciotat,Greg,Auguste and Louis Lumière,None,Unknown,Unknown,None,1,"Documentary, Short",1895,France,Silent,La Ciotat France,100% Critics / 95% Audience,"Cinema history, documentary, early filmmaking",One of the first films ever made showing a train arriving at a station,Legendary audience reaction: people allegedly jumped back thinking train would hit them
1,Citizen Kane,Spock,Orson Welles,"Orson Welles, Joseph Cotten, Dorothy Comingore, Agnes Moorehead",$839000,$1.6 million,Academy Award for Best Original Screenplay,119,Drama,1941,USA,English,"RKO Studios, California",100% Critics / 95% Audience,"Media mogul, power corruption, American Dream, character study",A group of reporters investigates the dying words of a newspaper tycoon,Often cited as greatest film ever made; revolutionary cinematography and narrative structure
1,A Nous Quatre,Nabu,Jacques Rivette,"Bulle Ogier, Juliet Berto, Marie-France Pisier, Claude Jade",$500000,Unknown,None,192,"Mystery, Drama",1975,France,French,Paris,85% Critics / 82% Audience,"Female friendship, mystery, conspiracy, feminism",Two women investigate a mysterious plot involving their friends in 1970s Paris,Part of Rivette's experimental period; long runtime and complex narrative structure
1,Psychose,Juan,Alfred Hitchcock,"Anthony Perkins, Janet Leigh, Vera Miles, John Gavin",$807000,$60 million,4 Academy Award nominations,109,"Horror, Mystery, Thriller",1960,USA,English,"Arizona, California",96% Critics / 95% Audience,"Psychological horror, split personality, murder, suspense",A young woman steals money and encounters a disturbed motel owner with a troubled relationship with his mother,Revolutionary horror film; famous shower scene; Anthony Perkins' iconic performance
1,Sausage Party,Mike,"Greg Tiernan, Conrad Vernon","Seth Rogen, Kristen Wiig, Jonah Hill, Bill Hader",$19 million,$140.7 million,Annie Award nomination,89,"Animation, Comedy",2016,USA/Canada,English,"Vancouver, Canada",82% Critics / 63% Audience,"Adult animation, food comedy, existentialism, parody",Food items in a supermarket discover the truth about what happens when customers take them home,First R-rated computer-animated film; controversial for adult themes in animated format
1,Walkyrie,Eleonore,Bryan Singer,"Tom Cruise, Kenneth Branagh, Bill Nighy, Tom Wilkinson",$75 million,$200.3 million,None,121,"Drama, History, Thriller",2008,USA/Germany,English/German,"Berlin, Germany",62% Critics / 68% Audience,"WWII, assassination plot, resistance, conspiracy",A dramatization of the July 20 1944 assassination plot by German army officers to kill Hitler,Based on true events; Tom Cruise controversially cast as German officer
1,La Chute,Chachacha,Oliver Hirschbiegel,"Bruno Ganz, Alexandra Maria Lara, Corinna Harfouch",$13.5 million,$92.2 million,Academy Award nomination for Best Foreign Language Film,156,"Biography, Drama, History",2004,Germany/Austria,German,"Munich, St. Petersburg",90% Critics / 82% Audience,"Hitler's final days, WWII, bunker drama, historical",The final days of Adolf Hitler and his inner circle in the Führerbunker during the Battle of Berlin,Bruno Ganz's powerful portrayal of Hitler; based on memoirs of Hitler's secretary
1,Last House on the Left,Léo,Dennis Iliadis,"Tony Goldwyn, Monica Potter, Garret Dillahunt",$15 million,$45.4 million,None,110,"Horror, Thriller",2009,USA,English,"Cape Town, South Africa",44% Critics / 51% Audience,"Revenge, survival horror, family protection, violence",Parents seek revenge after their daughter is brutally attacked by escaped convicts,Remake of Wes Craven's 1972 film; controversial for graphic violence
1,Once upon a time in America P1,Juan,Sergio Leone,"Robert De Niro, James Woods, Elizabeth McGovern, Joe Pesci",$30 million,$5.3 million,None,229,"Crime, Drama",1984,USA/Italy,English,"New York, Rome",87% Critics / 95% Audience,"Friendship, crime saga, memory, Jewish-American experience",Epic tale of a group of Jewish-American gangsters from childhood through their final years,"Leone's final film; originally 6 hours, cut to 4 for release; complex non-linear narrative"
1,Once upon a time in America P2,,Sergio Leone,"Robert De Niro, James Woods, Elizabeth McGovern, Joe Pesci",$30 million,$5.3 million,None,229,"Crime, Drama",1984,USA/Italy,English,"New York, Rome",87% Critics / 95% Audience,"Friendship, crime saga, memory, Jewish-American experience",Continuation of epic tale spanning decades of Jewish-American gangster life,Second part of extended viewing; explores themes of betrayal and the cost of violence
1,The Father,Eleonore,Florian Zeller,"Anthony Hopkins, Olivia Colman, Mark Gatiss, Imogen Poots",$6 million,$24.4 million,2 Academy Awards (Best Actor Anthony Hopkins),98,Drama,2020,UK/France,English,"London, UK",98% Critics / 88% Audience,"Dementia, family relationships, aging, memory loss",An aging man refuses assistance from his daughter as he struggles with dementia,Anthony Hopkins won Oscar at age 83; innovative portrayal of dementia from patient's perspective
2,Le voyage de Chiro,Spock,Hayao Miyazaki,"Daveigh Chase, Suzanne Pleshette, Jason Marsden (English dub)",$19 million,$395.8 million,Academy Award for Best Animated Feature,125,"Animation, Adventure, Family",2001,Japan,Japanese,"Studio Ghibli, Japan",97% Critics / 96% Audience,"Coming of age, Japanese folklore, environmentalism, family",A young girl enters a world ruled by gods and witches where she must save her parents,Highest-grossing film in Japanese history; Miyazaki's masterpiece; rich cultural symbolism
2,The Brocken cercle breakdown,Greg,Joel Schumacher,"Nicholas Cage, Joaquin Phoenix, James Gandolfini, Peter Stormare",$36 million,$57.1 million,None,123,"Crime, Drama, Thriller",1999,USA,English,"New York, New Jersey",78% Critics / 85% Audience,"Surveillance, paranoia, crime investigation, technology",A surveillance expert becomes the target of a deadly conspiracy,Pre-digital age paranoia thriller; strong ensemble cast performance
2,Good bye Lénine,Chachacha,Wolfgang Becker,"Daniel Brühl, Katrin Sass, Chulpan Khamatova",$4 million,$79.3 million,European Film Award for Best Film,121,"Comedy, Drama",2003,Germany,German,"Berlin, Germany",91% Critics / 94% Audience,"German reunification, family, political change, nostalgia",A young man protects his mother from the shock of German reunification by recreating East Germany in their apartment,Touching portrayal of German reunification; Daniel Brühl's breakout performance
2,La grande Bellezza,Diego K.,Paolo Sorrentino,"Toni Servillo, Carlo Verdone, Sabrina Ferilli",$9.2 million,$24.1 million,Academy Award for Best Foreign Language Film,141,Drama,2013,Italy/France,Italian,"Rome, Italy",91% Critics / 86% Audience,"Decadent Rome, aging, beauty, existentialism",An aging writer reflects on his life and the eternal city of Rome,Visually stunning portrayal of contemporary Rome; Oscar winner for Best Foreign Language Film
2,Old Boy,Juan,Park Chan-wook,"Choi Min-sik, Yoo Ji-tae, Kang Hye-jung",$4 million,$17.4 million,Palme d'Or at Cannes,120,"Action, Drama, Mystery",2003,South Korea,Korean,"Seoul, South Korea",82% Critics / 94% Audience,"Revenge, imprisonment, mystery, psychological thriller",A man seeks vengeance after being imprisoned for 15 years without knowing why,Part of Park's Vengeance Trilogy; famous hallway fight scene; controversial ending
2,Tueurs,Mike,Robert Luketic,"Ashton Kutcher, Katherine Heigl, Tom Selleck, Catherine O'Hara",$75 million,$98.2 million,None,100,"Action, Comedy, Romance",2010,USA,English,"Atlanta, Nice France",12% Critics / 51% Audience,"Assassin comedy, marriage, suburban life, action comedy",A vacationing woman falls for a hitman who wants to leave his dangerous life behind,Generic action-comedy; criticized for formulaic plot and chemistry between leads
2,The Thing,Eleonore,John Carpenter,"Kurt Russell, Wilford Brimley, T.K. Carter, David Clennon",$15 million,$19.6 million,Saturn Award for Best Horror Film,109,"Horror, Mystery, Sci-Fi",1982,USA,English,"Alaska, British Columbia",84% Critics / 92% Audience,"Isolation, paranoia, alien horror, survival",A research team in Antarctica discovers an alien being that can perfectly imitate other organisms,Carpenter's masterpiece; revolutionary practical effects; initial box office failure became cult classic
2,Vertigo,Zonf,Alfred Hitchcock,"James Stewart, Kim Novak, Barbara Bel Geddes",$2.5 million,$7.7 million,2 Academy Award nominations,128,"Mystery, Romance, Thriller",1958,USA,English,"San Francisco, California",96% Critics / 94% Audience,"Obsession, identity, psychological manipulation, voyeurism",A former detective with acrophobia investigates a friend's wife but becomes obsessed with her,Often ranked as greatest film ever made; complex exploration of male obsession
2,A bout de souffle,Chachacha,Jean-Luc Godard,"Jean-Paul Belmondo, Jean Seberg, Daniel Boulanger",$90000,$1.8 million,Silver Bear at Berlin Film Festival,90,"Crime, Drama",1960,France,French,"Paris, France",79% Critics / 83% Audience,"French New Wave, crime, romance, existentialism",A petty criminal kills a policeman and tries to convince his American girlfriend to flee to Italy,Godard's debut; French New Wave landmark; revolutionary editing and cinematography
2,Casablanca,Juan,Michael Curtiz,"Humphrey Bogart, Ingrid Bergman, Paul Henreid, Claude Rains",$1 million,$102 million,3 Academy Awards including Best Picture,102,"Drama, Romance, War",1942,USA,English,"Warner Bros Studios, California",99% Critics / 95% Audience,"WWII, romance, sacrifice, resistance",An American expatriate must choose between his love for a woman and helping her escape Casablanca,Classic Hollywood romance; iconic dialogue and performances; enduring cultural impact
2,Le labyrinthe de Pan,Spock,Guillermo del Toro,"Ivana Baquero, Sergi López, Maribel Verdú, Doug Jones",$19 million,$83.9 million,3 Academy Awards,118,"Drama, Fantasy, War",2006,Spain/Mexico,Spanish,"Madrid, Spain",95% Critics / 91% Audience,"Fantasy, Spanish Civil War, coming of age, dark fairy tale",A young girl escapes into a mythical labyrinth during the Spanish Civil War,Del Toro's masterpiece; blend of fantasy and historical drama; stunning practical effects
2,The Last duel,Eleonore,Ridley Scott,"Matt Damon, Adam Driver, Jodie Comer, Ben Affleck",$100 million,$30.6 million,None,152,"Action, Drama, History",2021,USA/UK,English,"Ireland, France",86% Critics / 67% Audience,"Medieval justice, perspectives, honor, sexual assault",Three perspectives on events leading to the last legally sanctioned duel in French history,Based on true events; multiple perspective narrative structure; historical epic
2,Don't look up,Greg,Adam McKay,"Leonardo DiCaprio, Jennifer Lawrence, Meryl Streep, Jonah Hill",$75 million,$791000,None,138,"Comedy, Drama, Sci-Fi",2021,USA,English,"Boston, New York",55% Critics / 77% Audience,"Climate change allegory, media satire, political commentary",Two scientists try to warn humanity about an approaching comet that will destroy Earth,Netflix original; climate change metaphor; star-studded cast; polarizing reception
2,The Skin I Leave,Chachacha,Pedro Almodóvar,"Antonio Banderas, Elena Anaya, Marisa Paredes",$9.5 million,$30.5 million,None,120,"Drama, Horror, Thriller",2011,Spain,Spanish,"Madrid, Toledo Spain",82% Critics / 71% Audience,"Identity, transformation, revenge, gender",A plastic surgeon seeks revenge on the men who raped his daughter,Almodóvar's return to thriller genre; complex narrative about identity and transformation
2,The Host,Greg,Bong Joon-ho,"Song Kang-ho, Byun Hee-bong, Park Hae-il",$11 million,$89.4 million,Multiple international film awards,120,"Action, Drama, Horror",2006,South Korea,Korean,"Seoul, South Korea",94% Critics / 85% Audience,"Environmental disaster, family, monster movie, social commentary",A monster emerges from Seoul's Han River and terrorizes the city while a family searches for their daughter,Bong's international breakthrough; environmental allegory; blend of genres; impressive creature effects
2,Drive,Zonf,Nicolas Winding Refn,"Ryan Gosling, Carey Mulligan, Bryan Cranston, Albert Brooks",$15 million,$78.4 million,Best Director award at Cannes,100,"Action, Drama",2011,USA,English,"Los Angeles, California",78% Critics / 76% Audience,"Neo-noir, violence, minimal dialogue, stylized action",A mysterious stuntman moonlighting as a getaway driver becomes involved in a heist gone wrong,Stylized neo-noir; electronic soundtrack; Ryan Gosling's iconic performance; art-house action
2,Isle of Dogs,Mike,Wes Anderson,"Bryan Cranston, Edward Norton, Bill Murray, Jeff Goldblum",$64 million,$64.2 million,Academy Award nomination for Best Animated Feature,101,"Animation, Adventure, Comedy",2018,USA/Germany,English/Japanese,"London, UK",90% Critics / 84% Audience,"Stop-motion, Japanese culture, dogs, political allegory",In a dystopian Japan dogs are exiled to a trash island where a boy searches for his pet,Anderson's second stop-motion film; meticulous craftsmanship; Japanese cultural homage
2,Match Point,Chachacha,Woody Allen,"Jonathan Rhys Meyers, Scarlett Johansson, Emily Mortimer",$15 million,$85.3 million,Academy Award nomination for Best Original Screenplay,124,"Drama, Romance, Thriller",2005,UK,English,"London, UK",76% Critics / 73% Audience,"Class, adultery, luck, moral ambiguity",A tennis instructor's affair with his friend's fiancée leads to obsession and murder,Allen's successful move to London; exploration of luck versus morality in life
2,36 quaid des orfèvres,Spock,Henri-Georges Clouzot,"Louis Jouvet, Simone Renant, Bernard Blier",$400000,Unknown,None,106,"Crime, Drama",1947,France,French,"Paris Studios, France",90% Critics / 88% Audience,"Police procedural, murder investigation, French cinema",A detective investigates the murder of a businessman in post-war Paris,Classic French police procedural; Clouzot's mastery of suspense; influential crime film
2,Amistad,Eleonore,Steven Spielberg,"Morgan Freeman, Anthony Hopkins, Djimon Hounsou, Matthew McConaughey",$36 million,$44.2 million,4 Academy Award nominations,155,"Biography, Drama, History",1997,USA,English,"Rhode Island, Connecticut",78% Critics / 82% Audience,"Slavery, legal drama, human rights, historical",The story of a 1839 mutiny aboard a slave ship and the legal battle that followed,Historical drama about slavery; strong performances; Spielberg's exploration of American history
2,Le bon la brute et le truand,Juan,Sergio Leone,"Clint Eastwood, Lee Van Cleef, Eli Wallach",$1.2 million,$25.1 million,None,178,"Adventure, Western",1966,Italy/Spain,Italian,"Spain, Italy",97% Critics / 97% Audience,"Spaghetti Western, Civil War, treasure hunt, antihero",Three gunslingers compete to find a fortune in gold buried in a cemetery during the Civil War,Leone's masterpiece; Ennio Morricone's iconic score; final film in Dollars Trilogy
2,The Suicid Squad,Léo,James Gunn,"Margot Robbie, Idris Elba, John Cena, Viola Davis",$185 million,$168.7 million,None,132,"Action, Adventure, Comedy",2021,USA,English,"Atlanta, Panama",90% Critics / 82% Audience,"Antihero team, DC Comics, suicide mission, humor",A group of supervillains are sent on a dangerous mission to destroy a Nazi-era prison,Gunn's reboot/sequel; R-rated DC film; blend of humor and violence; ensemble cast
2,Misery,Greg,Rob Reiner,"James Caan, Kathy Bates, Richard Farnsworth, Frances Sternhagen",$20 million,$61.3 million,Academy Award for Best Actress (Kathy Bates),107,"Drama, Thriller",1990,USA,English,"Nevada, California",91% Critics / 90% Audience,"Psychological thriller, obsession, captivity, Stephen King adaptation",A novelist is held captive by an obsessed fan who forces him to rewrite his latest story,Stephen King adaptation; Kathy Bates' Oscar-winning performance; claustrophobic thriller
2,HEAT,Spock,Michael Mann,"Al Pacino, Robert De Niro, Val Kilmer, Jon Voight",$60 million,$187.4 million,None,170,"Action, Crime, Drama",1995,USA,English,"Los Angeles, California",86% Critics / 94% Audience,"Crime epic, cat and mouse, professional criminals, police",A career criminal and a detective engage in a complex game of cat and mouse,Mann's crime epic; famous coffee shop scene; realistic action sequences; career performances
2,La vie d'une courgette,Nabu,"Claude Barras, Céline Sciamma","Gaspard Schlatter, Sixtine Murat, Paulin Jaccoud (French voices)",$8.8 million,$6.4 million,Academy Award nomination for Best Animated Feature,70,"Animation, Drama, Family",2016,France/Switzerland,French,"Geneva, Switzerland",98% Critics / 86% Audience,"Childhood trauma, orphanage, resilience, stop-motion",An orphaned boy finds friendship and hope among other children at a foster home,Stop-motion animation dealing with serious themes; beautiful and moving portrayal of childhood
2,L'armée des ombres,Juan,Jean-Pierre Melville,"Lino Ventura, Paul Meurisse, Jean-Pierre Cassel, Simone Signoret",$1.5 million,$3.2 million,None,145,"Drama, War",1969,France,French,"France, London",95% Critics / 93% Audience,"French Resistance, WWII, moral ambiguity, sacrifice",The story of French Resistance fighters during WWII and the moral compromises they face,Melville's masterpiece; authentic portrayal of Resistance; based on Joseph Kessel's novel
2,25th Hours,Eleonore,Spike Lee,"Edward Norton, Philip Seymour Hoffman, Barry Pepper, Rosario Dawson",$15 million,$23.9 million,None,135,Drama,2002,USA,English,New York City,79% Critics / 89% Audience,"Last day of freedom, friendship, regret, post-9/11 New York",A convicted drug dealer spends his last day of freedom with friends before going to prison,Post-9/11 New York backdrop; Edward Norton's powerful performance; Lee's exploration of guilt
2,Blade runner 2049,HS,Denis Villeneuve,"Ryan Gosling, Harrison Ford, Ana de Armas, Jared Leto",$150 million,$259.3 million,2 Academy Awards (Cinematography Sound Editing),164,"Action, Drama, Sci-Fi",2017,USA/UK/Canada,English,"Budapest, Los Angeles",88% Critics / 81% Audience,"Artificial intelligence, identity, dystopian future, sequel",A young blade runner discovers a secret that could plunge society into chaos,Worthy sequel to original; stunning visuals; philosophical themes about humanity
2,Hidden Figures,Chachacha,Theodore Melfi,"Taraji P. Henson, Octavia Spencer, Janelle Monáe, Kevin Costner",$25 million,$236 million,3 Academy Award nominations,127,"Biography, Drama, History",2016,USA,English,"Atlanta, Hampton Virginia",93% Critics / 93% Audience,"Civil rights, space race, mathematics, women in STEM",The story of African-American mathematicians who helped win the space race at NASA,Based on true story; empowering portrayal of overlooked historical figures
2,Lost in Translation,Greg,Sofia Coppola,"Bill Murray, Scarlett Johansson, Giovanni Ribisi",$4 million,$118.7 million,Academy Award for Best Original Screenplay,102,"Comedy, Drama",2003,USA/Japan,English/Japanese,"Tokyo, Japan",95% Critics / 86% Audience,"Cultural isolation, midlife crisis, connection, Tokyo",An aging actor and a young woman form an unlikely bond in Tokyo,Coppola's breakthrough; captures loneliness in foreign culture; Murray's career-best performance
2,Apocalypse Now,Juan,Francis Ford Coppola,"Martin Sheen, Marlon Brando, Robert Duvall, Dennis Hopper",$31 million,$150 million,2 Academy Awards (Cinematography Sound),147,"Drama, Mystery, War",1979,USA,English,Philippines,98% Critics / 94% Audience,"Vietnam War, madness, journey into darkness, Conrad adaptation",A military officer is sent into the jungle to assassinate a rogue colonel during Vietnam War,Adaptation of Heart of Darkness; legendary troubled production; Palme d'Or winner
2,Fail Safe,Spock,Sidney Lumet,"Henry Fonda, Walter Matthau, Fritz Weaver, Larry Hagman",$1.8 million,$5.5 million,None,112,"Drama, Thriller",1964,USA,English,New York Studios,90% Critics / 88% Audience,"Nuclear war, Cold War tension, political thriller, military",A technical malfunction sends American bombers to attack Moscow during the Cold War,Serious Cold War thriller; released same year as Dr. Strangelove; underrated masterpiece
2,Top Gun,Eleonore,Tony Scott,"Tom Cruise, Kelly McGillis, Val Kilmer, Anthony Edwards",$15 million,$357.3 million,Academy Award for Best Original Song,110,"Action, Drama, Romance",1986,USA,English,"San Diego, Nevada",58% Critics / 83% Audience,"Fighter pilots, competition, romance, military",A cocky fighter pilot competes with his peers at the elite Top Gun academy,80s cultural phenomenon; Tom Cruise star-making role; iconic soundtrack and aerial sequences
2,2001: l'odyssée de l'espace,Juan,Stanley Kubrick,"Keir Dullea, Gary Lockwood, William Sylvester, Douglas Rain (HAL voice)",$10.5 million,$146 million,Academy Award for Best Visual Effects,149,"Adventure, Sci-Fi",1968,USA/UK,English,"MGM Studios, England",92% Critics / 90% Audience,"Space exploration, artificial intelligence, evolution, existentialism",Humanity finds a mysterious artifact buried beneath the lunar surface and sets off to find its origins,Kubrick's sci-fi masterpiece; revolutionary visual effects; philosophical exploration of human evolution
2,Le silence des agneaux,Chachacha,Jonathan Demme,"Jodie Foster, Anthony Hopkins, Scott Glenn, Ted Levine",$19 million,$272.7 million,5 Academy Awards including Best Picture,118,"Crime, Drama, Thriller",1991,USA,English,"Pennsylvania, West Virginia",96% Critics / 95% Audience,"Serial killer, psychological thriller, FBI, cannibalism",A young FBI cadet seeks help from imprisoned cannibal Dr. Hannibal Lecter to catch another killer,Hopkins' iconic Hannibal Lecter; swept major Oscar categories; psychological horror masterpiece
2,The Hunt,Léo,Thomas Vinterberg,"Mads Mikkelsen, Thomas Bo Larsen, Annika Wedderkopp",$2.5 million,$16.7 million,Cannes Best Actor (Mads Mikkelsen),115,Drama,2012,Denmark,Danish,"Copenhagen, Denmark",94% Critics / 89% Audience,"False accusations, social ostracism, moral complexity, small town",A kindergarten teacher's life unravels when he's falsely accused of child abuse,Mikkelsen's powerful performance; explores mob mentality and presumption of guilt
3,Everything Everywhere All at Once,Greg,Daniels (Daniel Kwan Daniel Scheinert),"Michelle Yeoh, Stephanie Hsu, Ke Huy Quan, Jamie Lee Curtis",$14.3 million,$139.4 million,7 Academy Awards including Best Picture,139,"Action, Adventure, Comedy",2022,USA,English/Mandarin,"Los Angeles, New York",95% Critics / 89% Audience,"Multiverse, family, existentialism, absurdist comedy",A Chinese-American woman must connect with parallel universe versions of herself to prevent disaster,Genre-bending multiverse epic; Michelle Yeoh's career-defining performance; visual effects masterpiece
3,Nuovo cinema Paradiso,Zonf,Giuseppe Tornatore,"Philippe Noiret, Enzo Cannavale, Antonella Attili, Salvatore Cascio",$5 million,$12 million,Academy Award for Best Foreign Language Film,155,"Drama, Romance",1988,Italy,Italian,"Sicily, Italy",90% Critics / 94% Audience,"Cinema love letter, childhood memories, Italian neorealism, nostalgia",A filmmaker recalls his childhood when he and the projectionist at the local cinema formed a deep bond,Tornatore's love letter to cinema; emotional exploration of memory and passion for movies
3,Le dictateur,Juan,Charlie Chaplin,"Charlie Chaplin, Paulette Goddard, Jack Oakie",$2 million,$5 million,5 Academy Award nominations,125,"Comedy, Drama, War",1940,USA,English,Hollywood Studios,92% Critics / 91% Audience,"Political satire, fascism, Hitler parody, anti-war",A Jewish barber impersonates a dictator and makes a plea for tolerance and peace,Chaplin's first full talking picture; brave anti-fascist statement; famous final speech
3,Midsommar,Greg,Ari Aster,"Florence Pugh, Jack Reynor, William Jackson Harper",$9 million,$48 million,None,148,"Drama, Horror, Mystery",2019,USA/Sweden,English,"Budapest, Sweden",83% Critics / 63% Audience,"Folk horror, relationship trauma, pagan rituals, daylight horror",A couple travels to Sweden for a midsummer festival that turns into a nightmare,Aster's folk horror masterpiece; disturbing imagery in bright daylight; Florence Pugh's breakout
3,J'accuse,Eleonore,Roman Polanski,"Jean Dujardin, Louis Garrel, Emmanuelle Seigner",$22 million,$58.3 million,12 César nominations,132,"Biography, Drama, History",2019,France/Italy,French,"Italy, France",87% Critics / 78% Audience,"Dreyfus Affair, antisemitism, justice, French history",The story of the Dreyfus Affair that divided France in the 1890s,Polanski's historical drama; Jean Dujardin's powerful performance; controversial director
3,Werk ohne autor,Chachacha,Florian Henckel von Donnersmarck,"Tom Schilling, Sebastian Koch, Paula Beer",$20 million,$1.2 million,Academy Award nomination for Best Foreign Language Film,189,"Biography, Drama, History",2018,Germany,German,"Düsseldorf, Germany",75% Critics / 81% Audience,"Art, Nazi Germany, East Germany, artistic freedom",A young artist struggles to find his voice through Germany's tumultuous 20th century history,Epic spanning Nazi and Communist eras; exploration of art under totalitarian regimes
3,True Romance,Léo,Tony Scott,"Christian Slater, Patricia Arquette, Dennis Hopper, Gary Oldman",$12.5 million,$12.3 million,None,119,"Action, Crime, Romance",1993,USA,English,"Detroit, Los Angeles",92% Critics / 94% Audience,"Crime lovers, road movie, violence, pop culture",Newlyweds steal a suitcase of cocaine and flee across the country pursued by the mob,Tarantino-scripted; Scott-directed; cult classic; ensemble cast of character actors
3,The triangle of sadness,Eleonore,Ruben Östlund,"Harris Dickinson, Charlbi Dean, Woody Harrelson",$4 million,$15.2 million,Palme d'Or winner at Cannes,147,"Comedy, Drama",2022,Sweden/UK/France,English/Swedish,"Greece, Sweden",72% Critics / 64% Audience,"Class satire, wealth inequality, social commentary, dark comedy",A fashion model couple experiences the class divide during a luxury cruise,Östlund's savage satire of wealth; Palme d'Or winner; biting social commentary
3,Incroyable mais vrai,Mike,Quentin Dupieux,"Alain Chabat, Léa Drucker, Anaïs Demoustier",$3.8 million,$2.1 million,None,74,"Comedy, Drama, Sci-Fi",2022,France,French,France,85% Critics / 72% Audience,"Surreal comedy, domestic life, time manipulation, absurdist",A couple discovers their new house has a room that slows down time,Dupieux's surreal domestic comedy; absurdist exploration of routine and time
3,Le salaire de la peur,Juan,Henri-Georges Clouzot,"Yves Montand, Charles Vanel, Peter van Eyck",$1.4 million,$6.9 million,Palme d'Or and Best Actor at Cannes,131,"Adventure, Drama, Thriller",1953,France/Italy,French,"France, Camargue",96% Critics / 94% Audience,"Suspense, desperation, dangerous mission, existentialism",Four men drive trucks loaded with nitroglycerin across dangerous terrain,Clouzot's suspense masterpiece; influenced many action films; nail-biting tension
3,The Elephant man,Chachacha,David Lynch,"John Hurt, Anthony Hopkins, Anne Bancroft, John Gielgud",$5 million,$26 million,8 Academy Award nominations,124,"Biography, Drama",1980,USA/UK,English,"London, UK",90% Critics / 91% Audience,"Physical deformity, humanity, Victorian society, compassion",The story of John Merrick a severely deformed man in Victorian London,Lynch's mainstream breakthrough; John Hurt's powerful performance; black and white cinematography
3,Youth,Diego K.,Paolo Sorrentino,"Michael Caine, Harvey Keitel, Rachel Weisz, Paul Dano",$4.8 million,$6.6 million,Academy Award nomination for Best Original Song,124,"Comedy, Drama, Music",2015,Italy/France/UK,English,"Swiss Alps, Italy",83% Critics / 65% Audience,"Aging, friendship, artistic legacy, retirement",Two longtime friends vacation in the Alps while reflecting on their lives and careers,Sorrentino's meditation on aging; beautiful Alpine cinematography; Caine and Keitel's chemistry
3,Les évadés,Chachacha,Frank Darabont,"Tim Robbins, Morgan Freeman, Bob Gunton, James Whitmore",$25 million,$16.3 million,7 Academy Award nominations,142,Drama,1994,USA,English,Ohio State Reformatory,91% Critics / 98% Audience,"Prison, friendship, hope, redemption",Two imprisoned men bond over years finding solace and redemption through acts of decency,Stephen King adaptation; widely considered one of greatest films; enduring themes of hope
3,The Guilty,Greg,Antoine Fuqua,"Jake Gyllenhaal, Riley Keough, Peter Sarsgaard, Christina Vidal",$30 million,Netflix release,None,90,"Crime, Drama, Thriller",2021,USA,English,"Los Angeles, California",75% Critics / 72% Audience,"Single location, phone thriller, police dispatcher, moral complexity",A demoted police officer working as a 911 operator tries to save a caller in danger,Remake of Danish film; single-location thriller; Gyllenhaal's intense performance
3,James bond goldfinger,Diego K.,Guy Hamilton,"Sean Connery, Honor Blackman, Gert Fröbe, Shirley Eaton",$3 million,$125 million,Academy Award for Best Sound Effects,110,"Action, Adventure, Thriller",1964,UK,English,"Miami, Switzerland, UK",96% Critics / 89% Audience,"Spy thriller, James Bond, gold heist, iconic villain",Bond investigates a gold magnate's plan to contaminate Fort Knox's gold reserves,Classic Bond film; introduced many franchise staples; Connery at his peak
3,Relatos Salvajes,Juan,Damián Szifron,"Ricardo Darín, Oscar Martínez, Leonardo Sbaraglia",$3.3 million,$30.9 million,Academy Award nomination for Best Foreign Language Film,122,"Comedy, Drama, Thriller",2014,Argentina/Spain,Spanish,"Buenos Aires, Argentina",96% Critics / 91% Audience,"Black comedy, revenge, anthology, social satire",Six short stories exploring themes of vengeance corruption and inequality in Argentina,Anthology of darkly comic revenge tales; Argentina's Oscar submission; sardonic social commentary
3,The son,Eleonore,Florian Zeller,"Hugh Jackman, Laura Dern, Vanessa Kirby, Zen McGrath",$15 million,$3.5 million,None,123,Drama,2022,USA/UK,English,"New York, London",27% Critics / 47% Audience,"Mental health, family dysfunction, teenage depression, divorce",A father struggles to help his depressed teenage son while managing his own new family,Zeller's follow-up to The Father; difficult subject matter; mixed critical reception
3,Fargo,HS,Joel Coen,"Frances McDormand, William H. Macy, Steve Buscemi, Peter Stormare",$7 million,$60.6 million,2 Academy Awards (Best Actress Best Original Screenplay),98,"Crime, Drama, Thriller",1996,USA,English,"Minnesota, North Dakota",94% Critics / 93% Audience,"Dark comedy, crime, Midwest culture, pregnant detective",A car salesman hires criminals to kidnap his wife but the plan goes horribly wrong,Coen Brothers' masterpiece; McDormand's iconic performance; perfect blend of comedy and violence
3,Licorice Pizza,Pidel,Paul Thomas Anderson,"Alana Haim, Cooper Hoffman, Sean Penn, Bradley Cooper",$40 million,$33.3 million,3 Academy Award nominations,133,"Comedy, Drama, Romance",2021,USA,English,"Los Angeles, California",91% Critics / 73% Audience,"Coming of age, 1970s nostalgia, first love, San Fernando Valley",A teenage actor and an older woman form an unlikely friendship in 1970s Los Angeles,Anderson's nostalgic look at 1970s LA; debut performances from Haim and Hoffman
3,True Grif,Léo,Ethan Coen Joel Coen,"Jeff Bridges, Hailee Steinfeld, Matt Damon, Josh Brolin",$38 million,$252.2 million,10 Academy Award nominations,110,"Drama, Western",2010,USA,English,"Texas, New Mexico",96% Critics / 86% Audience,"Western, revenge, determination, father-daughter relationship",A stubborn teenager enlists a tough U.S. Marshal to track down her father's killer,Coen Brothers' Western; Hailee Steinfeld's breakout; faithful adaptation of Charles Portis novel
3,Babyone,Chachacha,Edgar Wright,"Ansel Elgort, Kevin Spacey, Lily James, Jon Hamm",$34 million,$226.9 million,3 Academy Award nominations,113,"Action, Crime, Music",2017,USA/UK,English,"Atlanta, Los Angeles",92% Critics / 86% Audience,"Heist film, music-driven, car chases, tinnitus",A young getaway driver relies on music to overcome tinnitus during high-stakes heists,Wright's music-driven action film; innovative choreography to soundtrack; Elgort's lead performance
3,Thelmas & Louise,HS,Ridley Scott,"Geena Davis, Susan Sarandon, Harvey Keitel, Michael Madsen",$16.5 million,$45.4 million,Academy Award for Best Original Screenplay,130,"Adventure, Crime, Drama",1991,USA,English,"Arkansas, Utah, Arizona",84% Critics / 85% Audience,"Female empowerment, road movie, friendship, liberation",Two friends embark on a weekend getaway that turns into a flight from the law,Feminist road movie; iconic ending; launched careers; cultural phenomenon about female agency
3,Super Troopers,Diego K.,Jay Chandrasekhar,"Jay Chandrasekhar, Kevin Heffernan, Steve Lemme",$1.2 million,$23.2 million,None,100,Comedy,2001,USA,English,New York State,35% Critics / 87% Audience,"Police comedy, absurd humor, stoner comedy, Vermont",A group of Vermont State Troopers engage in pranks and schemes to save their station,Broken Lizard comedy troupe; cult following; absurdist police humor
3,Fumer fait tousser,Mike,Quentin Dupieux,"Gilles Lellouche, Vincent Lacoste, Anaïs Demoustier",$4.2 million,$1.8 million,None,77,"Comedy, Sci-Fi",2022,France,French,France,85% Critics / 68% Audience,"Superhero parody, absurdist comedy, French humor, toxic masculinity",A team of tobacco-themed superheroes go on a retreat to strengthen their friendship,Dupieux's superhero parody; absurdist French comedy; environmental satire
3,Danish Girl,Chachacha,Tom Hooper,"Eddie Redmayne, Alicia Vikander, Matthias Schoenaerts",$15 million,$64.2 million,Academy Award for Best Supporting Actress,119,"Biography, Drama, Romance",2015,UK/USA,English,"Copenhagen, Brussels",68% Critics / 81% Audience,"Transgender identity, marriage, 1920s, artistic community",The story of Lili Elbe one of the first known transgender women,Based on true story; Redmayne's controversial casting; Vikander's Oscar-winning performance
4,The Worst Perso in the world,Eleonore,Joachim Trier,"Renate Reinsve, Anders Danielsen Lie, Herbert Nordrum",$1.8 million,$4.3 million,Cannes Best Actress (Renate Reinsve),121,"Comedy, Drama, Romance",2021,Norway,Norwegian,"Oslo, Norway",96% Critics / 89% Audience,"Quarter-life crisis, relationships, modern romance, self-discovery",A young woman navigates love career and identity in contemporary Oslo,Trier's romantic comedy-drama; Reinsve's breakthrough performance; millennial relationship exploration
4,Full Metal Jacquet,Chachacha,Stanley Kubrick,"Matthew Modine, Vincent D'Onofrio, R. Lee Ermey, Adam Baldwin",$30 million,$120 million,None,116,"Drama, War",1987,USA/UK,English,"Parris Island, London sets",91% Critics / 95% Audience,"Military training, Vietnam War, dehumanization, war psychology",Marines undergo brutal boot camp training before deployment to Vietnam,Kubrick's war film; R. Lee Ermey's iconic drill sergeant; exploration of military indoctrination
4,Beautiful boy,Diego K.,Felix van Groeningen,"Steve Carell, Timothée Chalamet, Maura Tierney",$25 million,$7.9 million,None,120,"Biography, Drama",2018,USA,English,"California, New York",68% Critics / 78% Audience,"Drug addiction, family relationships, memoir adaptation, father-son",A father struggles to help his teenage son overcome methamphetamine addiction,Based on memoirs; Chalamet and Carell's emotional performances; realistic portrayal of addiction
4,Mandibule,Mike,Quentin Dupieux,"David Marsais, Grégoire Ludig, Adèle Exarchopoulos",$6.8 million,$4.2 million,None,77,Comedy,2020,France,French,"France, Spain",72% Critics / 61% Audience,"Absurdist comedy, friendship, giant fly, surreal humor",Two friends discover a giant fly in their car trunk and decide to train it,Dupieux's surreal buddy comedy; absurdist premise; deadpan French humor
4,A monster calls,Greg,J.A. Bayona,"Lewis MacDougall, Sigourney Weaver, Felicity Jones, Liam Neeson",$43 million,$47.3 million,None,108,"Drama, Family, Fantasy",2016,Spain/UK/USA,English,"Manchester, Spain",86% Critics / 87% Audience,"Grief, childhood, fantasy, terminal illness, coming of age",A boy seeks the help of a tree monster to cope with his mother's terminal illness,Bayona's emotional fantasy; powerful exploration of childhood grief; Neeson's voice work
4,Lawrence D'Arabie,Juan,David Lean,"Peter O'Toole, Alec Guinness, Anthony Quinn, Omar Sharif",$15 million,$70 million,7 Academy Awards including Best Picture,228,"Adventure, Biography, Drama",1962,UK,English,"Jordan, Spain, Morocco",93% Critics / 92% Audience,"Desert epic, WWI, Arab Revolt, character study, adventure",The story of T.E. Lawrence and his role in the Arab Revolt during World War I,Lean's epic masterpiece; O'Toole's career-defining performance; stunning desert cinematography
4,La cartographie des nuages,Zonf,"Tom Tykwer, Lana Wachowski, Lilly Wachowski","Tom Hanks, Halle Berry, Jim Broadbent, Hugo Weaving",$128.5 million,$225.1 million,None,172,"Action, Drama, Mystery",2012,Germany/USA/Hong Kong,English,"Berlin, Scotland, Spain",66% Critics / 68% Audience,"Interconnected stories, reincarnation, spanning centuries, ambitious narrative",Six stories spanning centuries explore how actions ripple through past present and future,Ambitious adaptation of David Mitchell novel; complex narrative structure; mixed critical reception
4,It fallows,Lolita,David Robert Mitchell,"Maika Monroe, Keir Gilchrist, Daniel Zovatto",$1.3 million,$23.3 million,None,100,"Horror, Mystery, Thriller",2014,USA,English,"Detroit, Michigan",97% Critics / 66% Audience,"STD horror metaphor, supernatural stalker, coming of age, 1980s atmosphere",A teenager is pursued by a supernatural entity after a sexual encounter,Innovative horror concept; 1980s-inspired aesthetic; STD metaphor; electronic soundtrack
4,La Colonia,Spock,Florian Gallenberger,"Emma Watson, Daniel Brühl, Michael Nyqvist",$5.5 million,$4.3 million,None,110,"Biography, Drama, History",2015,Germany/France/UK,English/German/Spanish,"Argentina, Germany",26% Critics / 66% Audience,"Cult, Chile, Pinochet regime, historical drama, escape",A woman infiltrates a cult compound to rescue her boyfriend during Pinochet's Chile,Based on true events; historical thriller; mixed critical reception
4,Sisu,Léo,Jalmari Helander,"Jorma Tommila, Aksel Hennie, Jack Doolan",$6.2 million,$14.8 million,None,91,"Action, War",2022,Finland,Finnish/English/German,Finland,94% Critics / 89% Audience,"WWII, revenge, Finnish mythology, action, Nazi gold",A prospector fights Nazi soldiers in the wilderness of Lapland during WWII,Finnish action film; mythological elements; extreme violence; cult following
4,Incide Ll Davis,Eleonore,"Ethan Coen, Joel Coen","Oscar Isaac, Carey Mulligan, John Goodman, Garrett Hedlund",$11 million,$32.9 million,None,104,"Comedy, Drama, Music",2013,USA/UK/France,English,New York City,92% Critics / 77% Audience,"Folk music, 1960s Greenwich Village, struggling artist, circular narrative",A week in the life of a struggling folk singer in 1960s Greenwich Village,Coen Brothers' folk music drama; Oscar Isaac's breakout; atmospheric period piece
4,Die Hard,Chachacha,John McTiernan,"Bruce Willis, Alan Rickman, Bonnie Bedelia, Reginald VelJohnson",$28 million,$140.8 million,None,132,"Action, Thriller",1988,USA,English,"Los Angeles, California",82% Critics / 94% Audience,"Action hero, skyscraper siege, Christmas setting, everyman hero",A New York cop battles terrorists in a Los Angeles skyscraper on Christmas Eve,Defined modern action film; Willis' star-making role; Rickman's iconic villain
4,Belle de jour,Diego K.,Luis Buñuel,"Catherine Deneuve, Jean Sorel, Michel Piccoli",$800000,$8.9 million,Golden Lion at Venice,100,"Drama, Romance",1967,France/Italy,French,"Paris, France",89% Critics / 81% Audience,"Sexual fantasy, bourgeois life, desire, surrealism",A housewife secretly works as a prostitute during the day,Buñuel's exploration of sexual desire; Deneuve's iconic performance; surrealist masterpiece
4,Parasite,Chachacha,Bong Joon-ho,"Song Kang-ho, Lee Sun-kyun, Cho Yeo-jeong, Choi Woo-shik",$11.4 million,$258.8 million,4 Academy Awards including Best Picture,132,"Comedy, Drama, Thriller",2019,South Korea,Korean,"Seoul, South Korea",99% Critics / 90% Audience,"Class inequality, dark comedy, social satire, thriller",A poor family schemes to become employed by a wealthy family by infiltrating their household,Bong's masterpiece; first non-English Best Picture winner; brilliant class commentary
4,Le daim + Yannick,Mike,"Quentin Dupieux (Le daim), François Uzan (Yannick)","Jean Dujardin (Le daim), Raphaël Quenard (Yannick)",$2.5 million,$1.8 million,None,"77 (Le daim), 67 (Yannick)","Comedy, Thriller","2019 (Le daim), 2023 (Yannick)",France,French,France,85% Critics / 72% Audience,"Absurdist comedy, obsession, theater, surreal humor",Le daim: Man obsessed with deerskin jacket; Yannick: Theater audience member disrupts play,Double feature of French absurdist comedies; Dupieux's signature surreal style
4,Dernière Nuit à Milan,Diego K.,Christophe Ali and Nicolas Bonilauri,"Rémy Baranger, Marie Bray, Clément Bertani",$1.2 million,$450000,None,90,"Drama, Romance",2019,France,French,"Milan, Italy",78% Critics / 71% Audience,"Romance, travel, one night, European cinema",A chance encounter between strangers during one night in Milan,French romantic drama; intimate character study; European co-production
4,Anatomie d'une chute,Greg,Justine Triet,"Sandra Hüller, Swann Arlaud, Milo Machado-Graner",$3.2 million,$33.4 million,Palme d'Or winner Academy Award for Best Original Screenplay,151,"Crime, Drama, Mystery",2023,France,French/English/German,France,96% Critics / 87% Audience,"Legal drama, marriage, ambiguous truth, courtroom",A woman is suspected of her husband's death and the case is built around the couple's relationship,Palme d'Or winner; Hüller's powerful performance; complex exploration of marriage and truth
4,Bonnie and Clyde,Chachacha,Arthur Penn,"Warren Beatty, Faye Dunaway, Gene Hackman, Michael J. Pollard",$2.5 million,$70 million,2 Academy Awards,111,"Biography, Crime, Drama",1967,USA,English,"Texas, Oklahoma",89% Critics / 88% Audience,"Crime romance, Depression era, bank robbers, New Hollywood",The story of bank robbers Bonnie Parker and Clyde Barrow during the Great Depression,New Hollywood landmark; influential violence; Beatty and Dunaway's iconic performances
4,Là où chantent les écrevisses,Juan,Olivia Newman,"Daisy Edgar-Jones, Taylor John Smith, Harris Dickinson",$24 million,$144.3 million,None,125,"Drama, Mystery, Romance",2022,USA,English,"Louisiana, North Carolina",34% Critics / 96% Audience,"Coming of age, murder mystery, nature, isolation",A woman who raised herself in the marshes becomes a murder suspect,Based on bestselling novel; beautiful nature cinematography; Edgar-Jones' lead performance
4,The mission,Spock,Roland Joffé,"Robert De Niro, Jeremy Irons, Ray McAnally, Aidan Quinn",$22 million,$17.2 million,Palme d'Or winner,125,"Adventure, Drama, History",1986,UK,English,"Colombia, Argentina",62% Critics / 83% Audience,"Jesuit missions, colonialism, 18th century South America, faith",18th-century Spanish Jesuits try to protect a remote South American tribe,Joffé's historical epic; Palme d'Or winner; Ennio Morricone's beautiful score
4,Pulp fiction,Juan,Quentin Tarantino,"John Travolta, Uma Thurman, Samuel L. Jackson, Bruce Willis",$8 million,$214.2 million,Palme d'Or winner Academy Award for Best Original Screenplay,154,"Crime, Drama",1994,USA,English,"Los Angeles, California",92% Critics / 96% Audience,"Non-linear narrative, crime anthology, pop culture, dialogue",The lives of various Los Angeles criminals intertwine in four tales of violence and redemption,Tarantino's masterpiece; non-linear storytelling; revitalized Travolta's career; cultural phenomenon
4,I tu mama tambien,Diego K.,Alfonso Cuarón,"Maribel Verdú, Gael García Bernal, Diego Luna",$5 million,$33.6 million,Academy Award nomination for Best Original Screenplay,106,"Drama, Romance",2001,Mexico,Spanish,Mexico,92% Critics / 94% Audience,"Coming of age, road trip, sexual awakening, Mexico",Two teenage boys take a road trip with an older woman across Mexico,Cuarón's breakthrough; frank sexuality; political undertones; Mexican New Wave
4,One Life,Eleonore,James Hawes,"Anthony Hopkins, Helena Bonham Carter, Jonathan Pryce, Johnny Flynn",$18 million,$46.9 million,None,110,"Biography, Drama, History",2023,UK,English,"London, Prague",88% Critics / 95% Audience,"Holocaust rescue, heroism, historical drama, elderly perspective",The story of Nicholas Winton who saved hundreds of children from the Nazis,Hopkins' powerful late-career performance; inspiring true story; emotional historical drama
4,Poor Things,Greg,Yorgos Lanthimos,"Emma Stone, Mark Ruffalo, Willem Dafoe, Ramy Youssef",$35 million,$117.6 million,4 Academy Awards including Best Actress,141,"Comedy, Drama, Romance",2023,Ireland/UK,English,"London, Budapest, Lisbon",92% Critics / 78% Audience,"Feminist retelling, sexual liberation, Victorian setting, surreal",A young woman brought back to life embarks on an odyssey of self-discovery,Stone's career-best performance; Lanthimos' surreal feminist fable; stunning production design
4,Premier Contact - Arrival,Spock,Denis Villeneuve,"Amy Adams, Jeremy Renner, Forest Whitaker",$47 million,$203.4 million,8 Academy Award nominations,116,"Drama, Mystery, Sci-Fi",2016,USA,English,"Montreal, Canada",94% Critics / 82% Audience,"Alien contact, linguistics, time perception, communication",A linguist works with the military to communicate with alien visitors,Villeneuve's thoughtful sci-fi; Adams' career-best; exploration of language and time
4,The Artist,Chachacha,Michel Hazanavicius,"Jean Dujardin, Bérénice Bejo, John Goodman, James Cromwell",$15 million,$133.4 million,5 Academy Awards including Best Picture,100,"Comedy, Drama, Romance",2011,France/Belgium,Silent film with intertitles,"Los Angeles, California",95% Critics / 84% Audience,"Silent film era, Hollywood transition, love story, nostalgia",A silent movie star meets a young dancer but the arrival of talking pictures sends their careers in opposite directions,Homage to silent cinema; Dujardin's charming performance; won Best Picture; black and white
4,The Machinist,Lolita,Brad Anderson,"Christian Bale, Jennifer Jason Leigh, Aitana Sánchez-Gijón",$5 million,$8.2 million,None,101,"Drama, Thriller",2004,Spain/UK,English,"Barcelona, Spain",77% Critics / 83% Audience,"Insomnia, psychological thriller, guilt, industrial setting",An insomniac factory worker hasn't slept in a year and begins to doubt his sanity,Bale's extreme physical transformation; psychological thriller; industrial gothic atmosphere
4,The shape of water,Juan,Guillermo del Toro,"Sally Hawkins, Michael Shannon, Richard Jenkins, Doug Jones",$19.5 million,$195.2 million,4 Academy Awards including Best Picture,123,"Drama, Fantasy, Romance",2017,USA/Canada,English/American Sign Language,"Toronto, Hamilton Canada",92% Critics / 72% Audience,"Fantasy romance, creature feature, 1960s setting, Cold War",A mute woman falls in love with an amphibious creature held captive in a government laboratory,Del Toro's adult fairy tale; Hawkins' wordless performance; Cold War allegory; Best Picture winner
4,Perfect Day,Léo,Fernando León de Aranoa,"Benicio del Toro, Tim Robbins, Olga Kurylenko, Mélanie Thierry",$3.7 million,$1.2 million,None,106,"Comedy, Drama, War",2015,Spain,English/Spanish,Spain,82% Critics / 74% Audience,"Humanitarian work, war zone, dark comedy, Balkans conflict",Aid workers in the Balkans try to solve a seemingly simple problem in a war-torn country,Tragicomedy about humanitarian work; del Toro's excellent performance; based on novel
4,Bon baisé de Bruges,Chachacha,Martin McDonagh,"Colin Farrell, Brendan Gleeson, Ralph Fiennes",$15 million,$34.3 million,Academy Award nomination for Best Original Screenplay,107,"Comedy, Crime, Drama",2008,UK/USA,English,"Bruges, Belgium",84% Critics / 85% Audience,"Dark comedy, hitmen, guilt, medieval setting, friendship",Two Irish hitmen hide out in Bruges after a job goes wrong,McDonagh's feature debut; perfect blend of comedy and drama; Farrell's career-best performance
4,Le patient anglais,Eleonore,Anthony Minghella,"Ralph Fiennes, Juliette Binoche, Willem Dafoe, Kristin Scott Thomas",$27 million,$231.9 million,9 Academy Awards including Best Picture,162,"Drama, Romance, War",1996,USA/UK,English,"Tunisia, Italy, UK",84% Critics / 85% Audience,"WWII, desert romance, memory, tragic love, literary adaptation",A horribly burned man tells his story of love and betrayal during WWII,Minghella's epic romance; stunning desert cinematography; Binoche's Oscar-winning performance
4,American Honey,Diego K.,Andrea Arnold,"Sasha Lane, Shia LaBeouf, Riley Keough",$3.5 million,$4 million,Jury Prize at Cannes,163,Drama,2016,UK/USA,English,Midwest and Southern USA,80% Critics / 64% Audience,"Youth culture, road trip, American Dream, class issues",A teenage girl joins a traveling sales crew driving across the American Midwest,Arnold's American debut; non-professional lead actress; raw portrayal of youth culture
4,Dracula,Greg,Francis Ford Coppola,"Gary Oldman, Winona Ryder, Anthony Hopkins, Keanu Reeves",$40 million,$215.9 million,3 Academy Awards,128,"Drama, Fantasy, Horror",1992,USA,English,"Los Angeles, Romania",75% Critics / 74% Audience,"Gothic horror, vampire romance, Victorian era, Stoker adaptation",The centuries-old vampire Count Dracula comes to England to seduce his barrister Jonathan Harker's fiancée,Coppola's lavish Gothic adaptation; Oldman's transformative performance; stunning costume design
4,Vincent doit mourir,Mike,Stéphane Castang,"Karim Leklou, Vimala Pons, François Chattot",$2.8 million,$1.1 million,None,115,"Comedy, Horror, Thriller",2023,France,French,France,85% Critics / 78% Audience,"Dark comedy, paranoia, social satire, survival",Everyone suddenly wants to kill Vincent for no apparent reason,French dark comedy; absurdist premise; social commentary on scapegoating
4,Promising Young Woman,Lolita,Emerald Fennell,"Carey Mulligan, Bo Burnham, Alison Brie, Clancy Brown",$10 million,$20.4 million,Academy Award for Best Original Screenplay,113,"Crime, Drama, Thriller",2020,USA,English,"Los Angeles, California",90% Critics / 73% Audience,"Rape culture, revenge, feminism, toxic masculinity",A young woman seeks to right the wrongs of the past in this bold thriller,Fennell's provocative debut; Mulligan's fierce performance; controversial ending; #MeToo themes
4,Children of men,Juan,Alfonso Cuarón,"Clive Owen, Julianne Moore, Michael Caine, Chiwetel Ejiofor",$76 million,$70.6 million,3 Academy Award nominations,109,"Action, Drama, Sci-Fi",2006,UK/USA,English,"London, UK",92% Critics / 84% Audience,"Dystopian future, infertility crisis, hope, long takes",In 2027 women have become infertile and a former activist agrees to help transport a miraculously pregnant woman,Cuarón's dystopian masterpiece; incredible long-take sequences; prescient social commentary
5,Longlegs,Diego K.,Oz Perkins,"Maika Monroe, Nicolas Cage, Blair Underwood, Alicia Witt",$10 million,$126.8 million,None,101,"Crime, Horror, Thriller",2024,Canada/USA,English,"Vancouver, Canada",86% Critics / 71% Audience,"Serial killer, occult, FBI investigation, psychological horror",An FBI agent hunting a serial killer uncovers a series of occult clues,Perkins' breakout horror; Cage's unnerving performance; effective marketing campaign
5,The Master,Léo,Paul Thomas Anderson,"Philip Seymour Hoffman, Joaquin Phoenix, Amy Adams",$32 million,$28.3 million,3 Academy Award nominations,137,"Drama, History",2012,USA,English,"California, New York",85% Critics / 66% Audience,"Cult leader, post-war trauma, Scientology inspiration, character study",A Naval veteran with PTSD becomes involved with a charismatic cult leader,Anderson's complex character study; Hoffman and Phoenix's powerhouse performances; Scientology parallels
5,À good person,Greg,Zach Braff,"Florence Pugh, Morgan Freeman, Celeste O'Connor, Molly Shannon",$4.2 million,$2.5 million,None,129,Drama,2023,USA,English,"New Jersey, New York",66% Critics / 85% Audience,"Addiction, grief, family drama, opioid crisis",A young woman struggles with opioid addiction while dealing with a family tragedy,Braff's personal drama; Pugh's committed performance; handles addiction sensitively
5,The Hours,Chachacha,Stephen Daldry,"Nicole Kidman, Meryl Streep, Julianne Moore",$25 million,$108.8 million,Academy Award for Best Actress (Nicole Kidman),114,Drama,2002,USA/UK,English,"New York, Los Angeles, Richmond",80% Critics / 81% Audience,"Virginia Woolf, depression, three timelines, literary adaptation",Three women from different eras are connected by Virginia Woolf's novel Mrs. Dalloway,Daldry's literary adaptation; Kidman's Oscar-winning transformation as Woolf; emotional triptych
5,Portrait de la jeune fille en feu,Lolita,Céline Sciamma,"Noémie Merlant, Adèle Haenel, Luàna Bajrami",$4.1 million,$12.9 million,Best Screenplay at Cannes,122,"Drama, Romance",2019,France,French,"Brittany, France",98% Critics / 94% Audience,"Lesbian romance, 18th century, feminist filmmaking, gaze theory",An artist falls in love with a woman she's commissioned to paint in 18th-century Brittany,Sciamma's masterpiece; revolutionary female gaze; minimal dialogue; stunning cinematography
5,Man of the moon,Juan,Miloš Forman,"Jim Carrey, Danny DeVito, Courtney Love, Paul Giamatti",$82 million,$47.4 million,None,118,"Biography, Comedy, Drama",1999,USA/UK/Germany,English,"Los Angeles, New York",63% Critics / 64% Audience,"Andy Kaufman biopic, performance art, comedy, method acting",The story of comedian Andy Kaufman who was often more interested in provoking audiences than getting laughs,Carrey's transformative performance; Forman's biographical approach; R.E.M. soundtrack
5,Talk to me,Eleonore,Danny Philippou and Michael Philippou,"Sophie Wilde, Alexandra Jensen, Joe Bird",$4.5 million,$92.1 million,None,95,"Horror, Thriller",2022,Australia,English,"Adelaide, Australia",94% Critics / 85% Audience,"Supernatural horror, possession, teenage grief, Australian",Teenagers discover they can conjure spirits using an embalmed hand but one goes too far,Philippou twins' debut; effective supernatural horror; strong teenage performances; Australian breakout
5,No country for old men,Greg,"Ethan Coen, Joel Coen","Tommy Lee Jones, Javier Bardem, Josh Brolin, Kelly Macdonald",$25 million,$171.6 million,4 Academy Awards including Best Picture,122,"Crime, Drama, Thriller",2007,USA,English,"Texas, New Mexico",93% Critics / 86% Audience,"Neo-western, violence, fate, moral decay, cat and mouse",A hunter stumbles upon a drug deal gone wrong and becomes the target of a psychopathic killer,Coen Brothers' masterpiece; Bardem's chilling Anton Chigurh; McCarthy adaptation; nihilistic thriller
5,Crash,Chachacha,Paul Haggis,"Sandra Bullock, Don Cheadle, Matt Dillon, Jennifer Esposito",$6.5 million,$98.4 million,3 Academy Awards including Best Picture,112,Drama,2004,USA,English,"Los Angeles, California",75% Critics / 77% Audience,"Racism, Los Angeles, ensemble cast, social issues, interconnected stories",Various Los Angeles residents with different backgrounds have their lives intersect over 36 hours,Haggis' controversial Best Picture winner; ensemble cast; heavy-handed treatment of racism
5,La valse des pantins,Diego K.,Rian Johnson,"Joseph Gordon-Levitt, Bruce Willis, Emily Blunt",$30 million,$176.5 million,None,119,"Action, Crime, Sci-Fi",2012,USA/China,English,"Louisiana, Shanghai",93% Critics / 84% Audience,"Time travel, assassination, future noir, moral complexity",In 2074 a young man works as a killer for a crime syndicate that sends victims back in time,Johnson's clever time-travel thriller; Gordon-Levitt's Willis impression; innovative concept
5,Here,Eleonore,Robert Zemeckis,"Tom Hanks, Robin Wright, Paul Bettany, Kelly Reilly",$50 million,$15 million,None,104,Drama,2024,USA,English,"Pennsylvania, California",36% Critics / 78% Audience,"Single location, time spanning, family drama, technology",The story of multiple families who live in the same home over the course of a century,Zemeckis' experimental approach; de-aging technology; single camera angle throughout; mixed reception
5,La merditude des choses,Mike,Felix van Groeningen,"Valentijn Dhaenens, Koen De Graeve, Wouter Hendrickx",$1.8 million,$850000,None,108,"Comedy, Drama",2009,Belgium,Dutch,Belgium,82% Critics / 79% Audience,"Family dysfunction, coming of age, Belgian cinema, dark comedy",A teenage boy deals with his dysfunctional family in working-class Belgium,Van Groeningen's breakthrough; authentic family dysfunction; Flemish social realism
5,The Family Man,Spock,Brett Ratner,"Nicolas Cage, Téa Leoni, Don Cheadle, Jeremy Piven",$60 million,$124.7 million,None,125,"Comedy, Drama, Romance",2000,USA,English,"New York, New Jersey",54% Critics / 61% Audience,"What if scenario, family values, Christmas, alternate life",A businessman gets a glimpse of what his life would have been like if he had married his college girlfriend,Ratner's Christmas fantasy; Cage in romantic mode; It's a Wonderful Life influence
5,Wild Robot,Diego K.,Chris Sanders,"Lupita Nyong'o, Pedro Pascal, Kit Connor, Bill Nighy",$78 million,$269.5 million,None,102,"Animation, Adventure, Family",2024,USA,English,California,98% Critics / 95% Audience,"Robot, nature, adaptation, family, survival",A robot stranded on an island must learn to adapt to her surroundings and adopt an orphaned gosling,Sanders' adaptation of beloved book; stunning animation; environmental themes; family-friendly
5,Emilia Perez,Chachacha,Jacques Audiard,"Karla Sofía Gascón, Zoe Saldaña, Selena Gomez, Adriana Paz",$25 million,Netflix release,4 Academy Award nominations,132,"Crime, Drama, Musical",2024,France/Mexico,Spanish,"Paris, Mexico",88% Critics / 71% Audience,"Trans identity, cartel drama, musical, Mexico, transformation",A cartel leader undergoes gender reassignment surgery and starts a new life as a woman,Audiard's bold musical; transgender themes; Gascón's groundbreaking performance; Cannes winner
5,Les huit montagnes,Eleonore,Felix van Groeningen and Charlotte Vandermeersch,"Luca Marinelli, Alessandro Borghi, Lupo Barbiero",$3.8 million,$6.2 million,Jury Prize at Cannes,147,Drama,2022,Italy/Belgium/France,Italian,"Italian Alps, Nepal",88% Critics / 85% Audience,"Friendship, mountains, coming of age, Italian Alps",Two boys from different backgrounds form a deep friendship in the Italian Alps,Van Groeningen's mountain epic; stunning Alpine cinematography; meditation on friendship and nature
5,Furiosa,Spock,George Miller,"Anya Taylor-Joy, Chris Hemsworth, Tom Burke",$168 million,$174.2 million,None,148,"Action, Adventure, Sci-Fi",2024,Australia/USA,English,"New South Wales, Australia",90% Critics / 77% Audience,"Post-apocalyptic, prequel, desert warfare, female warrior",The origin story of Furiosa before the events of Mad Max: Fury Road,Miller's prequel to Fury Road; Taylor-Joy's action debut; spectacular practical effects; wasteland epic
5,La nuit se traine,Greg,Michiel Blanchart,"Sofian Khammes, Romain Guillermic, Louise Leroy",$2.1 million,$480000,None,108,"Comedy, Drama",2023,France,French,"Paris, France",75% Critics / 68% Audience,"Night out, friendship, Parisian life, slice of life",Three friends spend a long night wandering through Paris,Blanchart's observational comedy; authentic Parisian atmosphere; millennial friendship
5,The Lobster,Léo,Yorgos Lanthimos,"Colin Farrell, Rachel Weisz, Jessica Barden, Olivia Colman",$4.3 million,$16.2 million,Jury Prize at Cannes,119,"Comedy, Drama, Romance",2015,Ireland/UK/Greece,English,"Ireland, France",87% Critics / 64% Audience,"Dystopian romance, absurdist, relationships, social satire",In a dystopian society single people must find a romantic partner or be transformed into animals,Lanthimos' absurdist masterpiece; Farrell's excellent performance; surreal relationship satire
5,Daaaaaali,Mike,Quentin Dupieux,"Édouard Baer, Jonathan Cohen, Gilles Lellouche",$4.2 million,$2.1 million,None,77,"Biography, Comedy",2023,France,French,France,78% Critics / 71% Audience,"Salvador Dalí, surrealist comedy, artist biopic, absurdist",A surreal and absurdist take on the life of artist Salvador Dalí,Dupieux's artist biopic; absurdist approach matches Dalí's surrealism; French comedy
5,Om … Om,Chachacha,Céline Sciamma,"Joséphine Sanz, Gabrielle Sanz, Nina Meurisse",$1.5 million,$4.2 million,None,72,"Drama, Family",2021,France,French,France,94% Critics / 89% Audience,"Childhood, sisterhood, summer, coming of age",Two sisters spend a summer with their grandmother and experience the joys and sorrows of growing up,Sciamma's intimate family drama; authentic child performances; tender exploration of childhood
5,The Dirty Dozen,Juan,Robert Aldrich,"Lee Marvin, Ernest Borgnine, Charles Bronson, Jim Brown",$5.4 million,$45.3 million,Academy Award nomination for Best Sound Effects,150,"Action, Adventure, War",1967,USA,English,"England, Hertfordshire",79% Critics / 82% Audience,"WWII, suicide mission, convicts, action ensemble",Twelve American military prisoners are offered a chance at freedom by completing a suicide mission,Classic war action film; ensemble cast of tough guys; influential mission-impossible template
5,La chimera,Lolita,Alice Rohrwacher,"Josh O'Connor, Carol Duarte, Vincenzo Nemolato, Alba Rohrwacher",$3.8 million,$2.9 million,None,130,"Adventure, Comedy, Fantasy",2023,Italy/France/Switzerland,Italian/English,Italy,95% Critics / 84% Audience,"Tomb raiding, Italian countryside, magical realism, archaeology",A melancholic Englishman with a gift for finding ancient tombs works with a group of grave robbers,Rohrwacher's magical realist adventure; O'Connor's committed performance; beautiful Italian landscapes
5,J'ai perdu mon corps,Greg,Jérémy Clapin,"Hakim Faris, Victoire Du Bois, Patrick d'Assumçao (French voices)",$6 million,$1.6 million,Academy Award nomination for Best Animated Feature,81,"Animation, Drama, Romance",2019,France,French,"Paris, France",96% Critics / 78% Audience,"Severed hand, love story, Paris, animation, parallel narratives",The story of a severed hand searching for its body while remembering its past life,Clapin's poetic animation; unique premise; beautiful hand-drawn animation; romantic melancholy
5,Le pacte des Loups,Chachacha,Christophe Gans,"Samuel Le Bihan, Mark Dacascos, Émilie Dequenne, Vincent Cassel",$29 million,$70.8 million,None,142,"Action, Adventure, Horror",2001,France,French,France,60% Critics / 74% Audience,"18th century France, werewolf, martial arts, period action",In 18th-century France a mysterious beast terrorizes the countryside,Gans' genre-blending epic; mix of period drama and martial arts; cult following; lavish production
5,The beast of the southern wild,Rose,Benh Zeitlin,"Quvenzhané Wallis, Dwight Henry, Levy Easterly",$1.8 million,$23.2 million,4 Academy Award nominations,93,"Adventure, Drama, Fantasy",2012,USA,English,Louisiana,86% Critics / 78% Audience,"Southern Gothic, climate change, childhood, magical realism",A six-year-old girl tries to survive in a Louisiana bayou community threatened by rising waters,Zeitlin's magical debut; Wallis' remarkable child performance; environmental allegory; Sundance winner
5,The Game,Eleonore,David Fincher,"Michael Douglas, Sean Penn, Deborah Kara Unger",$50 million,$109.4 million,None,129,"Drama, Mystery, Thriller",1997,USA,English,"San Francisco, California",73% Critics / 81% Audience,"Psychological thriller, paranoia, reality manipulation, mind games",A wealthy banker receives an unusual birthday gift that blurs the line between game and reality,Fincher's paranoid thriller; Douglas in full paranoia mode; reality-bending narrative
5,Je verrai toujours vos visages,Lolita,Jeanne Herry,"Birane Ba, Leïla Bekhti, Anne Berest, Élodie Bouchez",$8.5 million,$18.2 million,None,118,Drama,2023,France,French,France,85% Critics / 88% Audience,"Restorative justice, victims and perpetrators, healing, French social drama",Victims and perpetrators of crimes meet in a restorative justice program,Herry's ensemble drama; sensitive treatment of justice; powerful ensemble performances
5,King of the belgians,Mike,Peter Brosens and Jessica Woodworth,"Peter van den Begin, Lucie Debay, Titus De Voogdt",$1.2 million,$450000,None,94,"Comedy, Drama",2016,Belgium/Netherlands/Bulgaria,Dutch/French/English,"Bulgaria, Belgium",78% Critics / 72% Audience,"Road movie, Belgian politics, dark comedy, royal satire",The King of Belgium gets stranded in Turkey and must find his way home through the Balkans,Brosens-Woodworth's political satire; road movie through Eastern Europe; Belgian humor
5,Bad Lieutenant,Diego K.,Abel Ferrara,"Harvey Keitel, Frankie Thorn, Victoria Bastel",$1.8 million,$9.6 million,None,96,"Crime, Drama, Thriller",1992,USA,English,New York City,85% Critics / 78% Audience,"Police corruption, Catholic guilt, addiction, moral degradation",A corrupt police detective struggles with addiction and guilt while investigating a nun's rape,Ferrara's controversial masterpiece; Keitel's fearless performance; unflinching moral examination
5,Ben-Hur,Juan,William Wyler,"Charlton Heston, Jack Hawkins, Stephen Boyd, Haya Harareet",$15 million,$146.9 million,11 Academy Awards including Best Picture,212,"Adventure, Drama, History",1959,USA,English,"Rome, MGM Studios",86% Critics / 90% Audience,"Biblical epic, chariot race, revenge, redemption, Roman Empire",A Jewish prince seeks revenge against his Roman friend who betrayed him,Wyler's epic masterpiece; record-setting 11 Oscars; famous chariot race sequence; Heston's iconic role
5,Thelma & Louise,No-One,Ridley Scott,"Geena Davis, Susan Sarandon, Harvey Keitel, Michael Madsen",$16.5 million,$45.4 million,Academy Award for Best Original Screenplay,130,"Adventure, Crime, Drama",1991,USA,English,"Arkansas, Utah, Arizona",84% Critics / 85% Audience,"Female empowerment, road movie, friendship, liberation",Two friends embark on a weekend getaway that turns into a flight from the law,Second viewing of feminist road movie classic; enduring cultural impact; iconic ending
